POINT_X,POINT_Y,ID_1,dist_hospital,dist_transit,env_count_2km,hospital_dist_norm,transit_dist_norm,env_count_norm,AS,HES,CSQI
13523430.38,3658972.566,0,0.0,79.74554944359193,21,0.0,0.07697423555269582,0.4117647058823529,0.9769077293341912,0.4117647058823529,0.8073648222986397
13522667.73,3658925.974,1,0.0,162.0577805721184,22,0.0,0.1564259555792392,0.43137254901960786,0.9530722133262282,0.43137254901960786,0.796562314034242
13525367.0,3667964.846,2,0.0,214.62763684076128,26,0.0,0.20716890647277078,0.5098039215686274,0.9378493280581688,0.5098039215686274,0.8094357061113063
13524944.1,3668771.19,3,0.0,213.74539620741373,32,0.0,0.20631732542781867,0.6274509803921569,0.9381048023716543,0.6274509803921569,0.844908655777805
13528167.69,3658909.446,4,0.0,315.16625856968847,18,0.0,0.3042136143605749,0.35294117647058826,0.9087359156918274,0.35294117647058826,0.7419974939254556
13525645.86,3670471.837,5,0.0,348.4838940738532,20,0.0,0.3363733968343356,0.39215686274509803,0.8990879809496992,0.39215686274509803,0.7470086454883188
13563014.36,3628191.449,6,1.2571793830737206,136.2256936998413,0,0.0007772397470371068,0.13149158427453259,0.0,0.9600084568947141,0.0,0.6720059198262999
13509860.86,3660421.948,7,12.540293018474246,119.06305380378484,14,0.007752922379000364,0.11492537969907085,0.27450980392156865,0.9600953404249783,0.27450980392156865,0.7544196794739554
13514424.96,3660647.908,8,6.1492032833241215,271.11417705635034,27,0.0038016891374127184,0.26169242888184446,0.5294117647058824,0.9188310889392577,0.5294117647058824,0.8020052916692451
13517332.07,3654536.457,9,112.71606937810411,188.75037132707033,15,0.06968568720579897,0.18219092657284597,0.29411764705882354,0.896562740984087,0.29411764705882354,0.7158292128065079
13528353.81,3662622.377,10,282.6945888920287,12.415441352842013,26,0.17477336465858578,0.011983980471039763,0.5098039215686274,0.8740634505976779,0.5098039215686274,0.7647855918889627
13529029.08,3666293.846,11,20.992298610829042,282.5201189742489,21,0.01297829815035346,0.2727019919987143,0.4117647058823529,0.9091045936951382,0.4117647058823529,0.7599026273513025
13529142.85,3668822.378,12,0.0,199.4866538489855,26,0.0,0.19255410226814612,0.5098039215686274,0.9422337693195562,0.5098039215686274,0.8125048149942775
13570691.73,3626659.263,13,0.0,160.20208674049752,0,0.0,0.154634750739527,0.0,0.9536095747781419,0.0,0.6675267023446992
13546814.37,3657640.863,14,18.829877350048147,170.20280303452284,28,0.011641400825798428,0.16428792257272762,0.5490196078431373,0.9425646426501227,0.5490196078431373,0.824501132208027
13528126.61,3671568.864,15,278.7433316246676,331.23136520551935,18,0.17233053570329881,0.3197204271042796,0.35294117647058826,0.783452496876407,0.35294117647058826,0.6542991007546612
13550572.41,3665028.668,16,0.0,212.96373957996556,3,0.0,0.20556283289773608,0.058823529411764705,0.9383311501306791,0.058823529411764705,0.6744788639150048
13521183.17,3673511.731,17,387.46235982442846,27.67635635354318,12,0.2395450884662494,0.02671454881259422,0.23529411764705882,0.8243040734298472,0.23529411764705882,0.6476010866950106
13558579.73,3620563.679,18,0.0,173.81098115190738,3,0.0,0.16777070943997588,0.058823529411764705,0.9496687871680072,0.058823529411764705,0.6824152098411345
13542468.79,3656744.553,19,0.0,50.46940285919223,5,0.0,0.04871549235026977,0.09803921568627451,0.985385352294919,0.09803921568627451,0.7191815113123255
13529929.76,3652568.357,20,40.897182799402124,191.41425257569543,4,0.02528431220039634,0.18476223273534373,0.0784313725490196,0.9268723116391193,0.0784313725490196,0.6723400299120894
13528000.26,3657358.742,21,0.0,59.04887131841022,17,0.0,0.056996807492049606,0.3333333333333333,0.9829009577523851,0.3333333333333333,0.7880306704266695
13524765.1,3661868.115,22,90.00625472206197,310.46352865619184,38,0.05564555034373374,0.29967431351397095,0.7450980392156863,0.871145820705195,0.7450980392156863,0.8333314862583423
13536166.55,3668629.741,23,9.901948342790787,30.354316480476662,13,0.006121789721295412,0.029299444584829307,0.2549019607843137,0.9869249138196443,0.2549019607843137,0.767318027909045
13526091.58,3658645.386,24,0.0,247.92533586538403,22,0.0,0.2393094452986656,0.43137254901960786,0.9282071664104002,0.43137254901960786,0.7791567811931625
13526490.66,3659563.309,25,0.0,199.83818495017155,22,0.0,0.19289341697568269,0.43137254901960786,0.9421319749072952,0.43137254901960786,0.7889041471409889
13527023.55,3662359.799,26,11.925274672548793,134.32545709951899,25,0.00737269286677152,0.12965738461449355,0.49019607843137253,0.9559418996089118,0.49019607843137253,0.8162181532556501
13513635.15,3661527.19,27,480.99928682373474,228.2450188810939,21,0.2973734449111514,0.2203130578404286,0.4117647058823529,0.7257446712100655,0.4117647058823529,0.6315506816117517
13528777.38,3656635.381,28,93.2452787492262,71.06860154107852,15,0.057648047560451623,0.06859882856902487,0.29411764705882354,0.9390667181369763,0.29411764705882354,0.7455819968135304
13530281.76,3670634.933,29,23.54508135579434,191.57950182867017,19,0.014556532920706175,0.18492173925341446,0.37254901960784315,0.9343339051794812,0.37254901960784315,0.7657984395079898
13529810.1,3671154.194,30,21.80426646324312,241.58089659802428,17,0.013480289908021009,0.23318548771077585,0.3333333333333333,0.9206081507511525,0.3333333333333333,0.7444257055258067
13523992.76,3663444.515,31,140.40187053209362,58.369046385603966,51,0.08680218257246265,0.05634060780595378,1.0,0.9223362898574899,1.0,0.945635402900243
13526273.14,3668098.473,32,7.850968348395155,97.52244648808353,25,0.004853789948562303,0.09413335063869359,0.49019607843137253,0.9683623418443983,0.49019607843137253,0.8249124628204905
13518323.59,3663329.035,33,33.96855988996095,62.62702069380384,35,0.02100075395091002,0.060450609174852,0.6862745098039216,0.9671642894819072,0.6862745098039216,0.8828973555785116
13517737.61,3663199.104,34,263.73038516938135,122.67920218629239,31,0.16304891777168815,0.11841585984913272,0.6078431372549019,0.8503409996050785,0.6078431372549019,0.7775916409000255
13525403.07,3660602.351,35,7.029860667270048,364.0199456567339,33,0.0043461475747209885,0.3513695402234459,0.6470588235294118,0.8915468346306614,0.6470588235294118,0.8182004313002864
13545022.91,3666883.899,36,0.0,239.95086147759514,9,0.0,0.23161209950046788,0.17647058823529413,0.9305163701498596,0.17647058823529413,0.7043026355754899
13519782.21,3665484.018,37,34.011038929151034,369.99978884875276,35,0.021027016231471574,0.3571415721630619,0.6862745098039216,0.8781386169890512,0.6862745098039216,0.8205793848335123
13549684.08,3642966.391,38,0.0,863.9830037307381,6,0.0,0.8339579036913836,0.11764705882352941,0.7498126288925849,0.11764705882352941,0.5601629578718682
13529794.4,3668226.502,39,0.0,89.87497663440621,21,0.0,0.08675164532715784,0.4117647058823529,0.9739745064018526,0.4117647058823529,0.8053115662460026
13529652.13,3667540.14,40,0.0,263.3797128182814,20,0.0,0.2542267524110071,0.39215686274509803,0.9237319742766978,0.39215686274509803,0.7642594408172179
13527708.27,3660584.91,41,169.2082308313511,51.377243989692765,21,0.10461145346371281,0.04959178422500322,0.4117647058823529,0.9118944473079,0.4117647058823529,0.7618555248802359
13523820.55,3660591.158,42,0.0,133.26241452607636,42,0.0,0.12863128485066164,0.8235294117647058,0.9614106145448014,0.8235294117647058,0.9200462537107726
13539938.94,3672325.936,43,0.0,166.4459692187262,3,0.0,0.16066164608347958,0.058823529411764705,0.9518015061749561,0.058823529411764705,0.6839081131459986
13529916.07,3675310.904,44,0.0,318.23380719450586,4,0.0,0.3071745596680377,0.0784313725490196,0.9078476320995886,0.0784313725490196,0.6590227542344179
13534662.96,3668441.014,45,146.29560528350515,255.33364243862374,11,0.09044593060791885,0.24646029872175856,0.21568627450980393,0.8627497589579293,0.21568627450980393,0.6686307136234916
13519408.96,3661071.596,46,95.67411614343773,88.75089929043521,33,0.05914965424227273,0.0856666318705075,0.6470588235294118,0.9328952524692569,0.6470588235294118,0.8471443237873033
13540146.22,3655443.796,47,11.317328483345586,301.3187579445567,5,0.006996835651269629,0.2908473414792405,0.09803921568627451,0.907848012600339,0.09803921568627451,0.6649053735261196
13516799.63,3660393.443,48,0.0,80.01970879759769,29,0.0,0.07723886733266921,0.5686274509803921,0.9768283398001991,0.5686274509803921,0.8543680731542569
13518828.43,3662895.636,49,0.0,96.56399851418371,41,0.0,0.0932082106073975,0.803921568627451,0.9720375368177807,0.803921568627451,0.9216027463606817
13549855.62,3661637.056,50,28.622858626685957,32.766951047793775,7,0.017695822647116794,0.031628235379839206,0.13725490196078433,0.9781244535330664,0.13725490196078433,0.7258635880613817
13556050.88,3643265.21,51,0.0,272.6884614734056,7,0.0,0.2632120038348149,0.13725490196078433,0.9210363988495555,0.13725490196078433,0.6859019497829241
13539422.87,3647032.461,52,0.0,847.6824395428695,0,0.0,0.8182238160063227,0.0,0.7545328551981032,0.0,0.5281729986386722
13517982.62,3664520.342,53,0.0,42.480850461895855,24,0.0,0.04100455778094308,0.47058823529411764,0.9876986326657171,0.47058823529411764,0.8325655134542371
13522581.79,3666435.79,54,286.833258002546,128.41788713497326,27,0.17733205928549262,0.1239551142662702,0.5294117647058824,0.838681024220274,0.5294117647058824,0.7459002463659564
13525447.04,3656451.262,55,131.74516809324027,81.57374047973548,29,0.0814502548330023,0.07873889337289156,0.5686274509803921,0.919363153605031,0.5686274509803921,0.8141424428176393
13525580.96,3663888.349,56,164.01486556119332,97.81239046906573,25,0.10140070250550048,0.0944132184989683,0.49019607843137253,0.9006955426964591,0.49019607843137253,0.7775457034169331
13512570.27,3668938.561,57,0.0,209.0901557339206,8,0.0,0.20182386367024974,0.1568627450980392,0.939452840898925,0.1568627450980392,0.7046758121586592
13535584.24,3650206.506,58,35.57965459385007,628.288170348717,5,0.021996798633922593,0.6064539269818853,0.09803921568627451,0.8026660628616886,0.09803921568627451,0.5912780087090643
13517360.68,3666861.76,59,10.504158415029035,335.1895668194091,19,0.006494100634528235,0.3235410734665964,0.37254901960784315,0.8983918075158512,0.37254901960784315,0.7406389711434488
13554583.25,3648554.038,60,38.250805547020555,200.43515407529884,3,0.023648213475028372,0.19346964025555033,0.058823529411764705,0.925405358490815,0.058823529411764705,0.6654308097670999
13516459.88,3659338.019,61,0.0,166.3654003563604,26,0.0,0.1605838771467398,0.5098039215686274,0.9518248368559781,0.5098039215686274,0.8192185622697729
13516159.32,3658581.616,62,0.0,283.6401191657097,24,0.0,0.2737830699918824,0.47058823529411764,0.9178650790024352,0.47058823529411764,0.78368202588994
13529731.5,3668865.491,63,12.482761554236282,212.24378771595633,24,0.007717354073225524,0.20486790076981778,0.47058823529411764,0.9331374819177968,0.47058823529411764,0.794372707930693
13530018.82,3669967.715,64,4.378107353655066,46.50556272037355,21,0.0027067251482731473,0.04488940341279895,0.4117647058823529,0.984638471372369,0.4117647058823529,0.8127763417253642
13508329.44,3670374.659,65,113.5966555360645,126.68026681344107,7,0.07023010160828792,0.12227787965112244,0.13725490196078433,0.9141555649788617,0.13725490196078433,0.6810853660734384
13523206.73,3654989.077,66,0.0,154.17040948693597,24,0.0,0.1488126860734368,0.47058823529411764,0.9553561941779689,0.47058823529411764,0.8099258065128134
13511210.17,3659338.019,67,9.513717518050997,258.83406190815987,22,0.00588176953636762,0.2498390717650355,0.43137254901960786,0.920931039795032,0.43137254901960786,0.7740634925624047
13524596.34,3675789.833,68,210.82100991372522,268.2618984577092,4,0.1303381765733606,0.25893927254590354,0.0784313725490196,0.8310814946348763,0.0784313725490196,0.6052864580091193
13538655.88,3659371.467,69,294.0819483677442,88.01908350476008,11,0.18181349633548802,0.08496024811541676,0.21568627450980393,0.8472424781305333,0.21568627450980393,0.6577756170443144
13531778.11,3668265.575,70,5.68151045027888,90.74656977031256,11,0.0035125422868189757,0.08759294889604008,0.21568627450980393,0.9712633357304147,0.21568627450980393,0.7445902173642314
13553751.13,3637801.3,71,0.0010000001639127731,112.69821152472707,9,6.182410282105716e-07,0.10878172814406462,0.17647058823529413,0.9673650487880607,0.17647058823529413,0.7300967106222307
13536458.87,3648449.231,72,23.523505264578887,69.49853123637608,8,0.014543193698074835,0.0670833212797567,0.1568627450980392,0.9696947680274205,0.1568627450980392,0.7258451611486061
13535881.13,3639326.16,73,0.0,676.3225162968456,3,0.0,0.6528189854137203,0.058823529411764705,0.8041543043758839,0.058823529411764705,0.5805550718866481
13530265.84,3668244.866,74,56.53932391739033,196.44833562311837,20,0.03495492402345943,0.18962137154607148,0.39215686274509803,0.918645141719757,0.39215686274509803,0.7606986580273593
13508826.59,3661106.481,75,675.109390073029,395.20455061788266,6,0.41738025505940624,0.38147041913951835,0.11764705882352941,0.5933926957165601,0.11764705882352941,0.45066900464865084
13520220.92,3648558.07,76,70.80824200642957,367.9861736387798,6,0.04377655316830177,0.3551979340219192,0.11764705882352941,0.8627970325756129,0.11764705882352941,0.6392520404499878
13517898.91,3658964.497,77,39.56051098051884,62.542704643177196,33,0.024457926976164942,0.06036922327197602,0.6470588235294118,0.9647686841350918,0.6470588235294118,0.8694557259533877
13519802.14,3667305.978,78,6.004852120471389,131.90894112561602,21,0.003712445340695452,0.12732484729937188,0.4117647058823529,0.9592038340717015,0.4117647058823529,0.7949720956148969
13515807.66,3652023.215,79,0.0,389.4432227797241,22,0.0,0.3759093087176206,0.43137254901960786,0.8872272073847137,0.43137254901960786,0.7504708098751819
13523831.9,3654297.729,80,28.38310626059216,394.2982512818131,22,0.01754759792208297,0.3805956154788424,0.43137254901960786,0.8735379968108892,0.43137254901960786,0.7408883624735048
13521077.97,3668885.94,81,54.634547677971646,319.30115352869063,11,0.03377731339571558,0.30820481362850427,0.21568627450980393,0.8838944365344479,0.21568627450980393,0.6834319879270546
13526725.43,3665769.841,82,0.0,89.40568394124185,29,0.0,0.08629866147340254,0.5686274509803921,0.9741104015579791,0.5686274509803921,0.8524655163847029
13528796.42,3651172.054,83,334.4547319876993,258.6090306640957,5,0.2067736035011316,0.24962186079704834,0.09803921568627451,0.7803719193100933,0.09803921568627451,0.5756721082229477
13519045.06,3657064.266,84,6.292902749126973,154.5883304942501,27,0.0038905300283418264,0.14921608350795035,0.5294117647058824,0.9525118039277756,0.5294117647058824,0.8255817921612075
13544343.08,3657491.213,85,9.205799748689724,44.82612922235962,6,0.0056914021692370444,0.043268333515191014,0.11764705882352941,0.9830355184269768,0.11764705882352941,0.7234189805459426
13538638.29,3675753.864,86,95.06345285575603,47.37735172041173,5,0.05877211720528909,0.04573089603915116,0.09803921568627451,0.9451402491445522,0.09803921568627451,0.6910099391070689
13526297.08,3666772.424,87,33.06367396389248,351.47616172957675,26,0.020441316437263126,0.33926167733369184,0.5098039215686274,0.8839125752938082,0.5098039215686274,0.771679979176254
13520896.86,3670542.442,88,6.8986860341676595,121.25671589179647,9,0.0042650500479695435,0.11704280773692098,0.17647058823529413,0.961901622645345,0.17647058823529413,0.7262723123223297
13517643.65,3662345.479,89,0.0,198.73407988853944,44,0.0,0.1918276817254778,0.8627450980392157,0.9424516954823566,0.8627450980392157,0.9185397162494144
13553661.19,3639015.092,90,216.72982218374432,43.450655472655875,13,0.1339912461478957,0.041940660169844796,0.2549019607843137,0.8936239296455195,0.2549019607843137,0.7020073389871577
13513229.95,3666574.739,91,221.72393574200322,312.0577333788274,18,0.13707881154306265,0.3012131165029223,0.35294117647058826,0.8136808969689794,0.35294117647058826,0.675458980819462
13522702.35,3672325.024,92,68.4820332704435,281.36684345578567,12,0.042338395723265705,0.2715887950612709,0.23529411764705882,0.8888864844753326,0.23529411764705882,0.6928087744268504
13517038.86,3671744.35,93,1.953999999910593,453.4017732831875,7,0.0012080427710545413,0.43764517443568157,0.13725490196078433,0.8678608177295573,0.13725490196078433,0.6486790429989253
13533455.81,3664626.068,94,0.0,186.0533421054936,11,0.0,0.1795876243943213,0.21568627450980393,0.9461237126817036,0.21568627450980393,0.7269924812301336
13559459.71,3621142.599,95,58.62646109811873,128.9154067936436,8,0.036245277648584026,0.12443534414324504,0.1568627450980392,0.9372977024030176,0.1568627450980392,0.703167215211524
13523177.9,3670075.572,96,18.36178556237175,297.55376829909676,16,0.011352007325123738,0.2872131925913695,0.3137254901960784,0.9058896370950025,0.3137254901960784,0.7282403930253252
13533425.75,3666054.629,97,119.02061737795133,236.372985184607,11,0.07358341680473975,0.22815856140992297,0.21568627450980393,0.8800440398137052,0.21568627450980393,0.6807367102225348
13521838.28,3662655.183,98,43.46727975201467,201.4887858129694,42,0.02687325132253296,0.1944866562285686,0.8235294117647058,0.9228427272056563,0.8235294117647058,0.8930487325733711
13517201.38,3670707.232,99,0.0,73.77862156476246,8,0.0,0.07121467009386287,0.1568627450980392,0.9786355989718412,0.1568627450980392,0.7321037428097006
13509684.42,3663406.759,100,0.0,43.562719658170444,7,0.0,0.04204882990562323,0.13725490196078433,0.987385351028313,0.13725490196078433,0.7323462163080543
13527986.13,3664000.709,101,135.95549483634616,193.65393457396988,21,0.08405325114109823,0.18692408140152234,0.4117647058823529,0.8850854997807746,0.4117647058823529,0.743089261611248
13535819.23,3635884.189,102,0.0,399.53318538073205,4,0.0,0.3856486253739972,0.0784313725490196,0.8843054123878008,0.0784313725490196,0.6425432004361664
13524456.41,3671644.556,103,0.0,654.7237391789431,15,0.0,0.6319708080655962,0.29411764705882354,0.810408757580321,0.29411764705882354,0.6555214244238717
13515657.71,3655230.551,104,0.0,225.339189570909,15,0.0,0.2175082117849592,0.29411764705882354,0.9347475364645121,0.29411764705882354,0.7425585696428055
13568372.84,3622639.327,105,896.9714482764858,205.99348636579194,1,0.5545444595610599,0.19883480962228986,0.0196078431372549,0.552168435420571,0.0196078431372549,0.39240025773557613
13519122.98,3648473.027,106,0.0,65.25131909815896,13,0.0,0.06298370807437469,0.2549019607843137,0.9811048875776875,0.2549019607843137,0.7632440095396753
13521357.83,3667245.029,107,0.0,138.12762974867078,17,0.0,0.1333274243239177,0.3333333333333333,0.9600017727028246,0.3333333333333333,0.7720012408919772
13521464.92,3666642.587,108,0.0,220.74039141093297,21,0.0,0.21306923086006513,0.4117647058823529,0.9360792307419804,0.4117647058823529,0.7787848732840922
13522510.21,3670085.732,109,75.6410060495659,322.7316211711882,14,0.04676436568968883,0.3115160658076154,0.27450980392156865,0.8738101242749332,0.27450980392156865,0.6940200281689238
13541633.56,3635703.627,110,101.81121392515567,310.73625048346224,7,0.06294385926315219,0.29993755772407604,0.13725490196078433,0.8659580311985706,0.13725490196078433,0.6473470924272346
13537749.29,3671439.107,111,0.46840153818787905,54.21657997364216,7,0.0002895850011180071,0.05233244772743932,0.13725490196078433,0.9840975561809855,0.13725490196078433,0.730044759914925
13529028.63,3669657.436,112,0.0,173.12650219238208,26,0.0,0.16711001746369658,0.5098039215686274,0.949866994760891,0.5098039215686274,0.8178480728032119
13518682.6,3674008.572,113,0.0,340.81159731037314,12,0.0,0.32896772739669455,0.23529411764705882,0.9013096817809916,0.23529411764705882,0.7015050125408117
13515856.31,3663464.564,114,0.0,197.86028126225563,17,0.0,0.19098424931132443,0.3333333333333333,0.9427047252066026,0.3333333333333333,0.7598933076446218
13528007.5,3655877.323,115,0.0,150.1835647635518,15,0.0,0.14496439200573,0.29411764705882354,0.956510682398281,0.29411764705882354,0.7577927717964437
13515243.83,3664037.295,116,0.0,100.83440942944291,16,0.0,0.09733021638692352,0.3137254901960784,0.9708009350839228,0.3137254901960784,0.7736783016175695
13534432.41,3647665.02,117,91.44007106335971,192.98318751684587,14,0.05653199428754329,0.18627664411716505,0.27450980392156865,0.9045446107635702,0.27450980392156865,0.7155341687109698
13534510.23,3634149.99,118,585.5867471387128,0.0,0,0.36203369331557517,0.0,0.0,0.7465764146790973,0.0,0.5226034902753681
13521628.34,3665912.43,119,356.8665714364285,273.837347708236,25,0.2206295198948425,0.26432096402482075,0.49019607843137253,0.766263046866164,0.49019607843137253,0.6834429563357265
13523798.51,3659870.731,120,90.34412087109757,114.6620549967989,30,0.055854433024872516,0.11067732421259265,0.5882352941176471,0.9276986996188115,0.5882352941176471,0.8258596779684622
13517734.83,3667515.786,121,0.0,179.9060458933601,20,0.0,0.1736539587547151,0.39215686274509803,0.9479038123735855,0.39215686274509803,0.7811797274850392
13518110.31,3666451.807,122,0.0,268.7466934796018,24,0.0,0.25940721999212846,0.47058823529411764,0.9221778340023614,0.47058823529411764,0.7867009543898882
13528845.85,3670552.994,123,0.0,428.0519468949513,21,0.0,0.41317630411949824,0.4117647058823529,0.8760471087641505,0.4117647058823529,0.7367623878996112
13534141.65,3667760.761,124,15.196002763715278,597.0279161846697,10,0.009394790833403803,0.5762800278207469,0.19607843137254902,0.8205396380703933,0.19607843137254902,0.63320127606104
13519300.2,3651199.758,125,11.306776905625114,188.55047282895384,19,0.006990312234079752,0.1819979749387045,0.37254901960784315,0.9405073889545328,0.37254901960784315,0.7701198781505258
13515353.37,3666984.045,126,578.7012129111918,206.5505164447433,10,0.35777677425273685,0.19937248181598974,0.19607843137254902,0.6897445134782871,0.19607843137254902,0.5416446888465657
13518131.35,3667136.155,127,147.90638704666335,235.69549392432228,21,0.09144178181816388,0.227504614296662,0.4117647058823529,0.8677393684382866,0.4117647058823529,0.7309469696715064
13527822.71,3651467.561,128,7.279357732316774,226.51792848611603,6,0.004500396871467566,0.2186459872162822,0.11764705882352941,0.931255926025088,0.11764705882352941,0.6871732658646204
13566880.27,3629710.321,129,11.565677498094361,150.63019194022468,4,0.007150375176335905,0.14539549801404425,0.0784313725490196,0.9513760879723515,0.0784313725490196,0.6894926733453519
13535031.54,3648038.07,130,0.0,205.92226527407672,14,0.0,0.19876606360287863,0.27450980392156865,0.9403701809191364,0.27450980392156865,0.7406120678198661
13523277.98,3662894.204,131,0.0,75.25617582652373,48,0.0,0.07264087645371937,0.9411764705882353,0.9782077370638842,0.9411764705882353,0.9670983571211895
13526387.24,3655963.328,132,44.97500106764944,27.585063277037882,17,0.027805386346177158,0.02662642834914165,0.3333333333333333,0.9725483010529334,0.3333333333333333,0.7807838107370534
13526726.88,3661982.41,133,0.0,150.68288123016004,24,0.0,0.14544635624805086,0.47058823529411764,0.9563660931255846,0.47058823529411764,0.8106327357761445
13510576.43,3659609.383,134,198.84964074636468,404.8486217847287,20,0.12293698620339295,0.3907793399615997,0.39215686274509803,0.796710307669145,0.39215686274509803,0.6753442741919309
13528473.48,3666660.689,135,147.84657823576,227.09369365946108,23,0.09140480556347583,0.21920174342318438,0.45098039215686275,0.8702561130786116,0.45098039215686275,0.7444733968020869
13565323.02,3620410.326,136,0.0,207.62228324540305,2,0.0,0.20040700262307123,0.0392156862745098,0.9398778992130785,0.0392156862745098,0.6696792353315079
13538543.89,3654893.842,137,1040.2288296854408,392.14400185316856,5,0.6431120358247293,0.37851623043332283,0.09803921568627451,0.4362667057926926,0.09803921568627451,0.3347984587607672
13535561.97,3669284.772,138,41.11062890533961,315.45463474224715,9,0.025416273318768563,0.3044919688968368,0.17647058823529413,0.8908610180078109,0.17647058823529413,0.6765438890760559
13518080.36,3661909.121,139,272.70834868777195,265.8957728811157,45,0.1685994622587298,0.2566553744631798,0.8823529411764706,0.8049837640799351,0.8823529411764706,0.8281945172088958
13521360.39,3658305.59,140,0.0,155.41718957647225,23,0.0,0.15001613811513678,0.45098039215686275,0.9549951585654589,0.45098039215686275,0.80379072864288
13512324.14,3663182.701,141,314.2224142291313,278.7715405290221,13,0.19426515661728572,0.2690836839897545,0.2549019607843137,0.7832892851709735,0.2549019607843137,0.6247730878549755
13539085.68,3649421.274,142,141.15095784338547,358.30898503382065,0,0.08726529900610452,0.34585704665750405,0.0,0.8351571766984756,0.0,0.5846100236889329
13556260.61,3635897.959,143,237.69876671237492,188.34643536766995,6,0.14695510584882454,0.18180102817846494,0.11764705882352941,0.8425911174522833,0.11764705882352941,0.6251078998636571
13511465.31,3662576.292,144,0.0,499.4292991047147,16,0.0,0.4820731536673015,0.3137254901960784,0.8553780538998095,0.3137254901960784,0.6928822847886901
13514548.97,3658652.934,145,70.0762676242587,34.347907126465564,21,0.04332401664782118,0.033154250141129785,0.4117647058823529,0.9597269133041861,0.4117647058823529,0.7953382510776361
13554364.17,3638887.367,146,0.0,258.7850876221077,11,0.0,0.24979179943125754,0.21568627450980393,0.9250624601706227,0.21568627450980393,0.712249604472377
13529134.16,3654820.595,147,156.3758577559996,78.42489400641162,10,0.09667795523962754,0.07569947547624324,0.19607843137254902,0.9096155886893877,0.19607843137254902,0.6955544414943361
13553527.27,3632285.52,148,8.564996731048133,221.64377881812663,2,0.0052952315176673,0.21394122378709177,0.0392156862745098,0.9321109708015053,0.0392156862745098,0.6642423854434065
13514361.07,3653807.408,149,0.0,263.92875937309697,10,0.0,0.2547567185236572,0.19607843137254902,0.9235729844429028,0.19607843137254902,0.7053246185217966
13521602.51,3665115.388,150,0.0,392.60355712779534,34,0.0,0.37895981526288913,0.6666666666666666,0.8863120554211332,0.6666666666666666,0.8204184387947931
13553718.52,3647096.56,151,0.0,453.6714765434774,9,0.0,0.43790550497991554,0.17647058823529413,0.8686283485060253,0.17647058823529413,0.660981020424806
13529297.8,3673294.394,152,0.0,24.11512448611055,7,0.0,0.023277076721246633,0.13725490196078433,0.993016876983626,0.13725490196078433,0.7362882844767734
13513586.39,3667376.044,153,0.0,376.0715552243235,12,0.0,0.3630023327757243,0.23529411764705882,0.8910993001672827,0.23529411764705882,0.6943577454112154
13517695.08,3653673.155,154,0.0,243.37083016650766,19,0.0,0.2349132175851756,0.37254901960784315,0.9295260347244473,0.37254901960784315,0.762432930189466
13526485.98,3650314.84,155,597.1700901949082,256.82793500765735,9,0.36919499006292517,0.2479026616999558,0.17647058823529413,0.6671927084459656,0.17647058823529413,0.5199760723827641
13523574.65,3671226.497,156,0.0,378.48971402346655,15,0.0,0.3653364558246942,0.29411764705882354,0.8903990632525917,0.29411764705882354,0.7115146383944612
13523558.5,3670225.635,157,0.0,201.1474054645179,17,0.0,0.19415713951524585,0.3333333333333333,0.9417528581454262,0.3333333333333333,0.7592270007017983
13517321.05,3661598.655,158,23.666454404321758,236.35343948510064,38,0.014631570706725164,0.2281396949617219,0.7450980392156863,0.9213159920167758,0.7450980392156863,0.8684506061764489
13517119.56,3662242.767,159,103.89567315330841,197.43056784756138,32,0.06423255726839429,0.19056946927866286,0.6274509803921569,0.8978663691285251,0.6274509803921569,0.8167417525076146
13522004.37,3666529.291,160,0.0,110.94427689691237,23,0.0,0.10708874617670183,0.45098039215686275,0.9678733761469893,0.45098039215686275,0.8128054809499513
13524049.98,3667475.543,161,0.0,192.94411114367497,32,0.0,0.18623892572442727,0.6274509803921569,0.9441283222826717,0.6274509803921569,0.8491251197155172
13534260.43,3677597.942,162,132.90076245485324,244.9061781360342,20,0.0821646905622151,0.23639520920836063,0.39215686274509803,0.8715661538439412,0.39215686274509803,0.7277433665142883
13556481.91,3647069.646,163,1031.0237491096086,350.73322115724125,3,0.6374210782775862,0.33854455540004635,0.058823529411764705,0.45224187858567577,0.058823529411764705,0.33421637383350244
13520626.68,3672534.396,164,394.62762766406223,163.0213428239062,12,0.24397495029671776,0.15735603215725893,0.23529411764705882,0.7820107251451198,0.23529411764705882,0.6179957428957015
13542285.23,3641549.73,165,0.0,185.27360276227134,2,0.0,0.17883498251908597,0.0392156862745098,0.9463495052442741,0.0392156862745098,0.6742093595533447
13527812.47,3669377.905,166,0.0,128.72745822084545,19,0.0,0.12425392715113327,0.37254901960784315,0.96272382185466,0.37254901960784315,0.785671381180615
13523181.69,3667711.922,167,79.0696321300182,129.54900656140381,27,0.04888408265556855,0.12504692507923454,0.5294117647058824,0.9282670646173317,0.5294117647058824,0.8086104746438968
13527992.03,3660051.387,168,126.21924031093388,221.19676043977088,18,0.07803390011903602,0.21350974017211863,0.35294117647058826,0.8813233478650391,0.35294117647058826,0.7228086964467038
13536155.31,3659456.455,169,859.0831717341732,246.71304136754452,7,0.5311203763539205,0.23813928040686883,0.13725490196078433,0.5567739524301949,0.13725490196078433,0.43091823728937173
13509030.87,3662365.137,170,0.0,93.93033519037931,7,0.0,0.09066607223770184,0.13725490196078433,0.9728001783286894,0.13725490196078433,0.7221365954183178
13518974.26,3664376.858,171,0.0,65.79362282136441,36,0.0,0.06350716568200768,0.7058823529411765,0.9809478502953977,0.7058823529411765,0.8984282010891312
13539658.42,3659939.713,172,289.05271207164935,572.2357870672532,8,0.17870421662632707,0.5523494737039087,0.1568627450980392,0.7092022062503984,0.1568627450980392,0.5435003679046906
13522615.74,3671294.5,173,532.6614702823531,105.23455602091717,14,0.32931312109688987,0.1015774492740467,0.27450980392156865,0.7390075804499632,0.27450980392156865,0.5996582474914448
13517585.32,3672215.844,174,0.0,130.7434315594194,7,0.0,0.12619984147129368,0.13725490196078433,0.9621400475586118,0.13725490196078433,0.7146745038792635
13523694.43,3669519.753,175,0.0,46.20913939851963,20,0.0,0.04460328138142671,0.39215686274509803,0.986619015585572,0.39215686274509803,0.8082803697334298
13521093.33,3667676.497,176,0.0,376.8545370354381,10,0.0,0.3637581044367477,0.19607843137254902,0.8908725686689756,0.19607843137254902,0.6824343274800476
13550519.86,3644728.866,177,0.0,856.4180979150262,3,0.0,0.826655893155931,0.058823529411764705,0.7520032320532206,0.058823529411764705,0.5440493212607839
13530906.93,3669401.22,178,569.2540535199249,274.23111762897673,21,0.3519361536743632,0.2647010496702787,0.4117647058823529,0.6742343775268621,0.4117647058823529,0.5954934760335093
13513229.84,3660406.329,179,3.1619765969946814,282.68973380936717,23,0.0019548633420766845,0.27286571238640644,0.45098039215686275,0.9167718819446242,0.45098039215686275,0.7770344350082957
13535991.22,3643358.536,180,83.85561973383004,265.01790203637216,5,0.05184297606775181,0.25580801134812686,0.09803921568627451,0.8869675133481356,0.09803921568627451,0.6502890240495772
13543485.92,3658996.383,181,553.734183236438,54.882611963633764,6,0.3423411346853517,0.05297533380247362,0.11764705882352941,0.7444686055795116,0.11764705882352941,0.5564221415527169
13542707.02,3659704.785,182,351.0132064981924,311.81179680223835,6,0.21701073013010158,0.3009757267036235,0.11764705882352941,0.7577997708978418,0.11764705882352941,0.565753957275548
13552845.99,3628268.693,183,241.85967023055014,510.10467436472715,4,0.14952754669653026,0.49237753874723467,0.0784313725490196,0.7476174556882584,0.0784313725490196,0.5468616307464867
13554933.79,3640017.969,184,70.96449851257486,132.24409251152326,7,0.04387315733549098,0.12764835151878773,0.13725490196078433,0.9309942844095199,0.13725490196078433,0.6928724696748991
13519848.56,3668412.751,185,178.9759646117038,202.58814689220767,13,0.11065026624952665,0.19554781235905097,0.2549019607843137,0.863880469917616,0.2549019607843137,0.6811869171776253
13538424.67,3650836.107,186,184.13854771890865,165.7376318884161,5,0.1138419864147838,0.15997792486148682,0.09803921568627451,0.8723172320512054,0.09803921568627451,0.6400338271417261
13522336.88,3658394.865,187,118.27284121582996,273.0530915396823,21,0.0731211109771763,0.2635639622927729,0.4117647058823529,0.8697460336281446,0.4117647058823529,0.7323516353044071
13518450.94,3659870.861,188,194.78659142804258,302.35641883198264,33,0.12042504282690283,0.2918489416203123,0.6470588235294118,0.8281477875350742,0.6470588235294118,0.7738210983333754
13511957.45,3665885.735,189,23.248298087605157,543.6974243649862,16,0.0143730493579005,0.5248028749500007,0.3137254901960784,0.8324980029644694,0.3137254901960784,0.6768662491339521
13540726.42,3659211.255,190,595.3910563023888,192.41771754442198,7,0.36809511850027554,0.18573082533280613,0.13725490196078433,0.6866141694499652,0.13725490196078433,0.5218063892032109
13536887.57,3666104.374,191,418.49031535835644,47.927276326784245,13,0.25872784045451885,0.04626170968934845,0.2549019607843137,0.8050119987750324,0.2549019607843137,0.6399789873778167
13520695.03,3660923.987,192,16.962043391367512,66.28207990222236,34,0.010486629427938871,0.06397864792348296,0.6666666666666666,0.9734657650233979,0.6666666666666666,0.8814260355163784
13521814.35,3661469.394,193,257.7601135721784,94.27494364998454,39,0.1593578515257499,0.09099870487899887,0.7647058823529411,0.8611498924682754,0.7647058823529411,0.8322166894336751
13551891.99,3629161.382,194,280.85798037529634,153.72405084705275,7,0.17363789810689834,0.1483818392697333,0.13725490196078433,0.833938919544251,0.13725490196078433,0.624933714269211
13537893.89,3637180.808,195,1617.4923990521302,411.76489306568493,2,1.0,0.3974552572816408,0.0392156862745098,0.18076342281550775,0.0392156862745098,0.13829910185320837
13527744.79,3662450.015,196,88.49838192890736,181.02563577926725,27,0.05471332167048727,0.17473464070125044,0.5294117647058824,0.9092802826202837,0.5294117647058824,0.7953197272459632
13548587.36,3657715.819,197,170.2704187724479,360.498824798444,23,0.1052681415209298,0.34797078520518326,0.45098039215686275,0.8219210653737941,0.45098039215686275,0.7106388634087146
13514420.96,3668190.294,198,450.0089741724589,175.72713649424523,11,0.278213965293543,0.1696202746345953,0.21568627450980393,0.7543641419041414,0.21568627450980393,0.5927607816858401
13561878.01,3634447.038,199,1382.4493762433426,0.0,0,0.8546867837236666,0.0,0.0,0.4017192513934334,0.0,0.28120347597540335
13524891.78,3655446.658,200,177.0392131588157,179.88185639718705,31,0.1094528872361705,0.17363060989086854,0.6078431372549019,0.8712937959674201,0.6078431372549019,0.7922585983536646
13524433.14,3664436.1,201,185.351610840468,59.65160319761008,34,0.11459195168341209,0.05757859325900913,0.6666666666666666,0.9025120558439088,0.6666666666666666,0.8317584390907361
13524421.79,3652191.269,202,34.60075958714965,183.0413126184062,14,0.021391605677668787,0.17668026882591142,0.27450980392156865,0.9320217953778583,0.27450980392156865,0.7347681979409715
13547037.79,3658833.702,203,247.68413463405633,127.73234229918945,24,0.15312846896789264,0.12329339345501812,0.47058823529411764,0.8558220536859698,0.47058823529411764,0.740251908168414
13523178.79,3658605.562,204,0.0,115.03329363321083,19,0.0,0.11103566157994187,0.37254901960784315,0.9666893015260174,0.37254901960784315,0.7884472169505651
13541843.18,3634504.058,205,10.981454184006717,128.8774270726697,6,0.006789184413133552,0.12439868429189448,0.11764705882352941,0.9579279656232381,0.11764705882352941,0.7058436935833254
13527941.15,3661505.712,206,30.649851239548404,278.54973577424545,26,0.01894899243885757,0.2688695873842385,0.5098039215686274,0.906074829077528,0.5098039215686274,0.7871935568248578
13524415.89,3654750.471,207,0.0,226.3459726525949,27,0.0,0.21848000718446264,0.5294117647058824,0.9344559978446612,0.5294117647058824,0.8129427279030275
13509949.81,3659888.171,208,5.693373340710774,59.08874238082801,14,0.003519876411194982,0.05703529295702786,0.27450980392156865,0.9804254986250551,0.27450980392156865,0.7686507902140092
13509540.15,3660055.682,209,24.35483886239089,113.28241213852728,12,0.015057158152126783,0.10934562664335949,0.23529411764705882,0.9566563013005034,0.23529411764705882,0.7402476462044699
13527634.47,3663449.332,210,0.0,267.2658207916755,22,0.0,0.25797781052790975,0.43137254901960786,0.922606656841627,0.43137254901960786,0.7752364244950212
13519696.5,3656771.358,211,10.80876237137268,38.7067729991602,26,0.006682419266827309,0.037361636895229894,0.5098039215686274,0.9841138154446518,0.5098039215686274,0.8418208472818445
13529098.76,3666974.539,212,4.433410087162965,61.24289415054208,26,0.0027409155614956807,0.05911458373745587,0.5098039215686274,0.9803469839857162,0.5098039215686274,0.8391840652605895
13529989.99,3664671.64,213,0.0,149.25609379825661,13,0.0,0.14406915247137309,0.2549019607843137,0.956779254258588,0.2549019607843137,0.7462160662163057
13525994.95,3655426.492,214,32.32826319086976,217.5651020746777,24,0.019986655399317182,0.21000428904171622,0.47058823529411764,0.9230080545079631,0.47058823529411764,0.7872821087438093
13515140.86,3651624.291,215,434.47146952116026,283.2056201769058,25,0.26860804401663074,0.2733636706931761,0.49019607843137253,0.7299652679804056,0.49019607843137253,0.6580345111156956
13526962.65,3657244.23,216,37.34009239406958,374.0883961381034,17,0.023085173331232542,0.3610880923484368,0.3333333333333333,0.8755139509636062,0.3333333333333333,0.7128597656745242
13514184.85,3663185.825,217,283.77368250679405,263.4724304386978,21,0.17544050449516102,0.2543162479126823,0.4117647058823529,0.8008967724795825,0.4117647058823529,0.6841571525004135
13524118.55,3668015.9,218,0.0,266.18274723385105,24,0.0,0.2569323758956003,0.47058823529411764,0.9229202872313198,0.47058823529411764,0.7872206716501591
13528058.93,3674149.562,219,30.137620609162788,453.4181399502281,8,0.01863231049915523,0.4376609723290159,0.1568627450980392,0.8556590909518864,0.1568627450980392,0.6460201871957323
13554386.21,3652303.522,220,0.0010000001639127731,365.27329334352896,9,6.182410282105716e-07,0.3525793316255483,0.17647058823529413,0.8942257677436157,0.17647058823529413,0.6788992138911193
13513755.38,3666296.581,221,38.094552903801166,181.42702563007455,18,0.023551611696058062,0.17512208146929428,0.35294117647058826,0.9309772473719711,0.35294117647058826,0.7575664261015561
13529356.36,3672487.883,222,0.0,168.60929867960272,13,0.0,0.16274979561234304,0.2549019607843137,0.951175061316297,0.2549019607843137,0.7422931311567019
13521348.26,3672749.635,223,137.89653389768625,247.2634057357946,13,0.08525328092947779,0.2386705185363579,0.2549019607843137,0.8687215477884581,0.2549019607843137,0.6845756716872147
13526508.36,3658691.065,224,0.0010000001639127731,157.73536635900913,19,6.182410282105716e-07,0.1522537537182245,0.37254901960784315,0.9543234411158128,0.37254901960784315,0.7797911146634219
13519981.81,3654454.756,225,25.699198119515344,319.8252235208551,15,0.015888296065301687,0.3087106711629301,0.29411764705882354,0.8962649914054097,0.29411764705882354,0.7156207881014338
13519755.83,3672662.862,226,0.0,157.91448217614087,11,0.0,0.1524266449102134,0.21568627450980393,0.9542720065269359,0.21568627450980393,0.7326962869217962
13517044.87,3655174.345,227,9.633188672158196,131.35853606038992,14,0.00595563149341744,0.12679356988720633,0.27450980392156865,0.9577929869884458,0.27450980392156865,0.7528080320683826
13533887.39,3679150.16,228,580.8958825135762,532.4665295783772,13,0.359133608821895,0.5139622757340722,0.2549019607843137,0.5944177911044518,0.2549019607843137,0.4925630420084104
13516514.21,3650710.86,229,23.20293000940751,135.95651444975715,24,0.01434500095518514,0.13123175953012436,0.47058823529411764,0.9505889714723331,0.47058823529411764,0.8065887506188685
13516093.2,3650881.368,230,31.886305979236802,320.38524280803637,22,0.019713419363159023,0.30925122868402455,0.43137254901960786,0.8934252378405813,0.43137254901960786,0.7548094311942892
13522918.97,3673466.518,231,0.0,249.63742054388115,13,0.0,0.24096203168434244,0.2549019607843137,0.9277113904946972,0.2549019607843137,0.7258685615815821
13525144.14,3671888.572,232,573.5538399145158,150.82950370732078,15,0.35459445760031094,0.1455878833072164,0.29411764705882354,0.7081075146876173,0.29411764705882354,0.5839105543989792
13520620.56,3658033.605,233,0.0,233.40284626464504,29,0.0,0.2252916406294586,0.5686274509803921,0.9324125078111624,0.5686274509803921,0.8232769907619312
13511961.91,3665313.96,234,0.0,550.3311242890713,15,0.0,0.5312060408207634,0.29411764705882354,0.840638187753771,0.29411764705882354,0.6766820255452867
13523164.77,3671550.495,235,8.043512913854524,334.1003982327095,14,0.00497282887917626,0.3224897556195921,0.27450980392156865,0.8997720930986989,0.27450980392156865,0.7121934063455598
13521985.34,3672439.025,236,0.0,278.3857731208818,14,0.0,0.26871132275392473,0.27450980392156865,0.9193866031738225,0.27450980392156865,0.7259235633981463
13522123.48,3671660.841,237,0.0,42.250609462827576,12,0.0,0.040782318107132745,0.23529411764705882,0.98776530456786,0.23529411764705882,0.7620239484916196
13517952.34,3674160.769,238,0.0,390.2347419747287,10,0.0,0.3766733210717378,0.19607843137254902,0.8869980036784786,0.19607843137254902,0.6797221319866997
13529345.0,3675200.134,239,0.0,373.96217843592257,5,0.0,0.3609662609583922,0.09803921568627451,0.8917101217124823,0.09803921568627451,0.65360884990462
13525924.04,3666325.881,240,50.01323553678545,230.7112685276808,30,0.030920229094179238,0.22269360048578857,0.5882352941176471,0.9115477594883379,0.5882352941176471,0.8145540198771306
13516025.07,3660592.589,241,0.0,111.95372679777233,30,0.0,0.10806311571819457,0.5882352941176471,0.9675810652845416,0.5882352941176471,0.8537773339344732
13516832.58,3665073.2,242,0.0,117.78374402279306,14,0.0,0.11369052843634822,0.27450980392156865,0.9658928414690955,0.27450980392156865,0.7584779302048374
13546958.97,3661071.075,243,0.0,348.9112800468038,4,0.0,0.3367859303084085,0.0784313725490196,0.8989642209074774,0.0784313725490196,0.6528043663999401
13532531.97,3657071.032,244,502.1911144940213,447.6337127883892,10,0.31047510009216195,0.4320775653301369,0.19607843137254902,0.6530441603364455,0.19607843137254902,0.5159544416472766
13529202.63,3678794.285,245,0.0,505.67527903640445,1,0.0,0.48810207357410307,0.0196078431372549,0.853569377927769,0.0196078431372549,0.6033809174906147
13526429.1,3672191.872,246,99.67700749928353,194.91101178730779,13,0.061624405504282706,0.1881374727218222,0.2549019607843137,0.9004216743304554,0.2549019607843137,0.7067657602666128
13535998.79,3667646.152,247,0.0,190.6172050196885,20,0.0,0.1839928841415871,0.39215686274509803,0.9448021347575238,0.39215686274509803,0.7790085531537961
13534335.01,3667077.03,248,0.0,366.06131134552254,10,0.0,0.35333996445996274,0.19607843137254902,0.8939980106620111,0.19607843137254902,0.6846221368751725
13513594.3,3659690.338,249,161.72003116777825,140.6683470470626,19,0.09998194196309554,0.13577984672446253,0.37254901960784315,0.8892786866084943,0.37254901960784315,0.7342597865082989
13522896.93,3671908.244,250,0.0,217.98994830172,11,0.0,0.21041437103102098,0.21568627450980393,0.9368756886906937,0.21568627450980393,0.7205188644364268
13552123.31,3657828.644,251,31.53624841361362,352.97878681882827,3,0.019496999449329245,0.34071208326072416,0.058823529411764705,0.8841384754072522,0.058823529411764705,0.636543991608606
13530368.7,3663696.57,252,183.50190010266934,181.83269542127277,16,0.11344838480242853,0.17551365344142536,0.3137254901960784,0.8679320346058723,0.3137254901960784,0.7016700712829341
13514112.82,3661583.685,253,0.0,169.93739619308872,17,0.0,0.1640317391383869,0.3333333333333333,0.950790478258484,0.3333333333333333,0.7655533347809387
13539645.51,3658035.817,254,431.69670144226035,203.61824212189254,5,0.2668925688276741,0.19654210976379274,0.09803921568627451,0.7542125688914904,0.09803921568627451,0.5573605629299255
13519541.43,3666416.516,255,19.840971347487855,159.3931518256067,24,0.012266500515931266,0.15385392789586913,0.47058823529411764,0.9452572712700873,0.47058823529411764,0.8028565604772964
13540992.14,3665233.098,256,1029.2184423628985,721.2086131318634,5,0.6363049637612102,0.6961452025496838,0.09803921568627451,0.34574296460224774,0.09803921568627451,0.27143183992745573
13531407.42,3670187.077,257,0.0,248.00313102058058,13,0.0,0.2393845369199879,0.2549019607843137,0.9281846389240036,0.2549019607843137,0.7261998354820965
13547460.8,3634962.31,258,695.1110755123616,161.34415600136705,5,0.42974611560444115,0.1557371308587567,0.09803921568627451,0.6524565798192642,0.09803921568627451,0.4861313705793673
13521211.44,3659833.897,259,0.0,167.75027518584534,28,0.0,0.16192062486594858,0.5490196078431373,0.9514238125402154,0.5490196078431373,0.8307025511310918
13552541.31,3634651.611,260,0.0,506.98165273365083,3,0.0,0.4893630482290312,0.058823529411764705,0.8531910855312905,0.058823529411764705,0.6148808186954328
13532615.68,3652657.071,261,0.0,91.73768375657414,7,0.0,0.08854961973184683,0.13725490196078433,0.9734351140804459,0.13725490196078433,0.7225810504445473
13513870.03,3668164.506,262,564.2313477123167,247.276182817087,12,0.3488309113804572,0.23868285158907293,0.23529411764705882,0.6842135065569581,0.23529411764705882,0.5495376898839883
13529963.49,3673909.541,263,0.0,230.12140786158528,5,0.0,0.22212423863209135,0.09803921568627451,0.9333627284103725,0.09803921568627451,0.6827656745931431
13529365.93,3673953.063,264,0.0,251.29835950339984,6,0.0,0.24256524976485833,0.11764705882352941,0.9272304250705424,0.11764705882352941,0.6843554151964385
13515039.78,3653680.44,265,0.0,319.85519474239044,12,0.0,0.30873960082586877,0.23529411764705882,0.9073781197522394,0.23529411764705882,0.7057529191206852
13516924.98,3661827.761,266,0.0,217.99934156111084,34,0.0,0.21042343785626705,0.6666666666666666,0.9368729686431199,0.6666666666666666,0.8558110780501839
13516812.21,3661199.811,267,0.0,99.71045293754817,33,0.0,0.0962453195825033,0.6470588235294118,0.971126404125249,0.6470588235294118,0.8739061299464977
13518656.66,3666968.678,268,0.0,137.58754132872505,23,0.0,0.1328061050334212,0.45098039215686275,0.9601581684899736,0.45098039215686275,0.8074048355900403
13562433.16,3638077.518,269,0.0,162.7512353751035,5,0.0,0.15709531147085395,0.09803921568627451,0.9528714065587438,0.09803921568627451,0.696421749297003
13510242.69,3661423.443,270,0.0,282.259915435491,14,0.0,0.2724508310420999,0.27450980392156865,0.91826475068737,0.27450980392156865,0.7251382666576296
13548538.93,3641742.594,271,1003.5110471859717,98.42745523463942,5,0.6204115999395368,0.09500690856036693,0.09803921568627451,0.5372098074742142,0.09803921568627451,0.40545862993783227
13527455.47,3661671.031,272,0.0,143.67352470448446,25,0.0,0.13868058857769552,0.49019607843137253,0.9583958234266913,0.49019607843137253,0.8179358999280957
13529168.9,3674397.667,273,165.8339982149826,234.128765562873,5,0.10252536476348409,0.22599233281157935,0.09803921568627451,0.8604345448220874,0.09803921568627451,0.6317159460813435
13523663.14,3661505.321,274,0.0,139.2258997062597,48,0.0,0.13438752725136316,0.9411764705882353,0.9596837418245909,0.9411764705882353,0.9541315604536842
13543106.76,3659479.752,275,44.01710718575278,93.37782308510003,6,0.027213177144787406,0.09013276100924808,0.11764705882352941,0.9539109476958743,0.11764705882352941,0.7030317810341707
13528435.3,3669891.251,276,0.0009999996982514858,388.0976661664848,21,6.182407403197058e-07,0.37461051282970426,0.4117647058823529,0.8876164133825706,0.4117647058823529,0.7448609011325052
13518788.8,3673089.178,277,0.0010000001639127731,140.39880031228424,6,6.182410282105716e-07,0.13551966726617232,0.11764705882352941,0.9593436670514286,0.11764705882352941,0.7068346845830588
13515748.89,3663000.176,278,0.0,94.36810309121375,22,0.0,0.09108862684734906,0.43137254901960786,0.9726734119457952,0.43137254901960786,0.8102831530679389
13527461.92,3656831.604,279,0.0010000001639127731,151.01258981042707,19,6.182410282105716e-07,0.14576460680997308,0.37254901960784315,0.9562701851882882,0.37254901960784315,0.7811538355141547
13515802.88,3663870.251,280,0.0,101.34069145271766,16,0.0,0.0978189041191864,0.3137254901960784,0.970654328764244,0.3137254901960784,0.7735756771937943
13520035.8,3666171.698,281,0.0,208.53044627824275,29,0.0,0.20128360521340766,0.5686274509803921,0.9396149184359777,0.5686274509803921,0.8283186781993019
13516198.73,3652782.337,282,0.0,474.71248844048034,21,0.0,0.4582153005400128,0.4117647058823529,0.8625354098379961,0.4117647058823529,0.7273041986513031
13530515.42,3667628.7,283,231.6942815437455,254.7146130476575,17,0.14324288737277596,0.24586278181345783,0.3333333333333333,0.8259711442950194,0.3333333333333333,0.6781798010065135
13528057.48,3670069.971,284,36.60131375954537,450.1468408742032,25,0.022628430143470334,0.43450335729722817,0.49019607843137253,0.8538090917104023,0.49019607843137253,0.7447251877266934
13534998.03,3641357.909,285,22.575837437844225,144.88481368308706,3,0.01395730666250669,0.1398497828940165,0.058823529411764705,0.9482749504680403,0.058823529411764705,0.6814395241511576
13560761.81,3644922.43,286,0.0,592.7583282771105,3,0.0,0.5721588164477929,0.058823529411764705,0.8283523550656621,0.058823529411764705,0.5974937073694929
13531216.84,3668347.368,287,0.0,458.54331497526334,14,0.0,0.44260803749288324,0.27450980392156865,0.867217588752135,0.27450980392156865,0.6894052533029651
13531048.86,3667619.323,288,0.0,108.57375255516378,16,0.0,0.10480060219451978,0.3137254901960784,0.968559819341644,0.3137254901960784,0.7721095205979743
13532084.58,3664843.252,289,0.0,177.87890650948262,13,0.0,0.1716972664311754,0.2549019607843137,0.9484908200706473,0.2549019607843137,0.7404141622847472
13531604.79,3664558.101,290,0.0,74.83134447550307,12,0.0,0.0722308088234654,0.23529411764705882,0.9783307573529603,0.23529411764705882,0.7554197654411897
13515272.33,3660319.512,291,0.0,232.53940504789182,27,0.0,0.2244582056845871,0.5294117647058824,0.9326625382946239,0.5294117647058824,0.8116873062180013
13515637.12,3658304.029,292,54.29990229267824,62.45246028703562,23,0.033570421922538014,0.06028211508380237,0.45098039215686275,0.9584160701290827,0.45098039215686275,0.8061853667374166
13518686.83,3650195.062,293,0.0,32.14803888266857,18,0.0,0.03103083162355216,0.35294117647058826,0.9906907505129343,0.35294117647058826,0.7993658783002304
13532200.9,3665424.25,294,0.0,159.51332476041622,10,0.0,0.15396992458603714,0.19607843137254902,0.9538090226241889,0.19607843137254902,0.7264898452486969
13512219.17,3663704.251,295,106.27331008292109,283.92014159033545,16,0.06570250972752546,0.2740533610892988,0.3137254901960784,0.8717922348639425,0.3137254901960784,0.7043722114635833
13509886.47,3659279.843,296,0.0,34.661849114273174,14,0.0,0.03345728203053294,0.27450980392156865,0.98996281539084,0.27450980392156865,0.7753269119500585
13519409.07,3654613.476,297,0.0,309.6841157308396,16,0.0,0.29892198671294595,0.3137254901960784,0.9103234039861161,0.3137254901960784,0.7313440298491047
13516788.61,3664642.083,298,275.1507764282128,401.4935363116634,13,0.17010947104880025,0.38754085027402363,0.2549019607843137,0.7646611151836327,0.2549019607843137,0.6117333688638369
13520505.68,3652678.794,299,0.0,104.7291339644096,16,0.0,0.10108959162302304,0.3137254901960784,0.969673122513093,0.3137254901960784,0.7728888328179886
13520724.42,3663625.614,300,0.0,287.4280191213564,41,0.0,0.2774393330118299,0.803921568627451,0.916768200096451,0.803921568627451,0.8829142106557509
13521484.96,3664337.798,301,0.0,197.37671839305779,38,0.0,0.190517491198077,0.7450980392156863,0.9428447526405768,0.7450980392156863,0.8835207386131095
13548847.84,3658331.358,302,588.051306822465,559.7496711961951,22,0.3635573849787919,0.5402972747924583,0.43137254901960786,0.5834206480771081,0.43137254901960786,0.5378062183598581
13518240.99,3652069.0,303,0.0,284.12312596679567,22,0.0,0.274249291361473,0.43137254901960786,0.917725212591558,0.43137254901960786,0.771819413519973
13552257.11,3643617.72,304,1013.4119577770011,0.0,6,0.6265327480802213,0.0,0.11764705882352941,0.5614270763438451,0.11764705882352941,0.4282930710877504
13522591.14,3668407.15,305,0.0,133.606281757699,21,0.0,0.1289632020230989,0.4117647058823529,0.9613110393930703,0.4117647058823529,0.796447139339855
13530781.69,3659235.983,306,11.140434866563062,143.4753038119904,10,0.006887472777672087,0.13848925624909833,0.19607843137254902,0.9536319921809,0.19607843137254902,0.7263659239383947
13550366.46,3653232.941,307,0.0,291.51271873407273,9,0.0,0.2813820813199801,0.17647058823529413,0.9155853756040059,0.17647058823529413,0.6938509393933924
13523174.79,3670777.447,308,0.0,70.71717259649577,16,0.0,0.06825961246794976,0.3137254901960784,0.979522116259615,0.3137254901960784,0.779783128440554
13531498.48,3656875.846,309,6.578657613832222,260.10121923814256,17,0.004067195380755665,0.25106219289820175,0.3333333333333333,0.9218343053640105,0.3333333333333333,0.7452840137548072
13515533.48,3656254.785,310,5.791459229875327,30.66435632682802,13,0.003580517122225237,0.02959870993982761,0.2549019607843137,0.988614025032494,0.2549019607843137,0.7685004057580398
13510898.58,3660824.02,311,0.0,350.9346305228935,16,0.0,0.3387389653961202,0.3137254901960784,0.8983783103811639,0.3137254901960784,0.7229824643256382
13525159.84,3654872.636,312,0.0,200.50188158957155,26,0.0,0.1935340488581283,0.5098039215686274,0.9419397853425615,0.5098039215686274,0.8122990262103813
13520153.69,3672875.888,313,97.44818046439066,51.21312086742793,12,0.06024645341239097,0.04943336470239659,0.23529411764705882,0.9429974732006072,0.23529411764705882,0.7306864665345426
13512826.86,3660138.201,314,0.0,189.5875503930245,22,0.0,0.182999012028049,0.43137254901960786,0.9451002963915852,0.43137254901960786,0.790981972179992
13555982.98,3644542.325,315,501.87083991426437,124.16330768693251,9,0.3102770932391192,0.11984838977949744,0.17647058823529413,0.7468515177987674,0.17647058823529413,0.5757372389297254
13526727.66,3668841.916,316,78.43808404749322,195.4527186426189,23,0.04849363378366345,0.18866035420388813,0.45098039215686275,0.909456350090269,0.45098039215686275,0.771913562710247
13534596.05,3677894.475,317,55.602613463677294,260.3631288209521,20,0.03437581128434426,0.2513150006104986,0.39215686274509803,0.9005424319178094,0.39215686274509803,0.748026761165996
13560382.66,3619926.016,318,406.3188391101133,233.2900482228837,7,0.25120293569739244,0.22518276254037403,0.13725490196078433,0.7566031162497131,0.13725490196078433,0.5707986519630344
13538147.59,3676090.884,319,124.62798923149887,339.6419820170208,4,0.07705012357679848,0.3278387585235134,0.0784313725490196,0.8477132859391869,0.0784313725490196,0.6169287119221367
13530565.95,3655060.244,320,148.84355343848492,58.49749841554907,12,0.09202117643687786,0.05646459587650071,0.23529411764705882,0.9186457977312352,0.23529411764705882,0.7136402937059823
13518098.62,3670082.215,321,343.4687082928214,186.32175777582557,10,0.21234641256682144,0.1798467120948679,0.19607843137254902,0.7974034975747646,0.19607843137254902,0.6170059777140999
13527269.34,3668437.107,322,101.92004209601005,388.4799180607744,23,0.06301114129237109,0.3749794807226689,0.45098039215686275,0.8433983568785395,0.45098039215686275,0.7256729674620364
13533590.17,3677146.444,323,486.10831881882945,177.92989744258796,17,0.3005320575872225,0.1717464853295752,0.3333333333333333,0.7381036140900716,0.3333333333333333,0.6166725298630501
13520323.0,3657046.829,324,6.464292382228985,133.78361357470692,21,0.003996490113967235,0.12913437121245927,0.4117647058823529,0.9584621455564852,0.4117647058823529,0.7944529136542455
13538843.45,3660417.132,325,0.0,703.4536693405475,9,0.0,0.6790072777983553,0.17647058823529413,0.7962978166604934,0.17647058823529413,0.6103496481329336
13533794.33,3670866.031,326,425.48180673318564,207.913617949876,4,0.2630502665623177,0.200688212876474,0.0784313725490196,0.7556583495434354,0.0784313725490196,0.5524902564451106
13530833.46,3664143.277,327,0.0010000001639127731,81.78858921010882,14,6.182410282105716e-07,0.07894627568946402,0.27450980392156865,0.976315684524441,0.27450980392156865,0.7657739203435793
13526174.51,3653759.014,328,86.55177123555396,257.61221178570133,18,0.053509847271167595,0.24865968332527383,0.35294117647058826,0.8879452019126005,0.35294117647058826,0.7274439942799967
13516804.75,3655897.23,329,125.4463225606634,110.19333341459593,19,0.07755605073271221,0.10636389944985752,0.37254901960784315,0.9138015946521442,0.37254901960784315,0.7514258221388539
13518790.47,3660700.364,330,211.8608513267384,199.36335440875936,38,0.13098104909234282,0.19243508772474274,0.7450980392156863,0.850582739317937,0.7450980392156863,0.8189373292872617
13508484.51,3660003.749,331,376.48533194367604,91.31643959820732,5,0.2327586405749424,0.0881430146322825,0.09803921568627451,0.8106260472078555,0.09803921568627451,0.5968499977513811
13560154.9,3620930.075,332,231.66735654546545,167.6495839575334,7,0.14322624123688327,0.16182343285485515,0.13725490196078433,0.8511946012777252,0.13725490196078433,0.6370126914826428
13524816.3,3659632.94,333,8.244513327182501,197.65773509810566,26,0.005097095561014002,0.1907887420227252,0.5098039215686274,0.9391954105004726,0.5098039215686274,0.8103779638209191
13548457.45,3646963.811,334,582.0804963791538,398.8985660297024,2,0.3598659855961363,0.385036060287252,0.0392156862745098,0.6325829919965289,0.0392156862745098,0.45457280027992314
13524982.95,3660967.072,335,0.0,158.33138717407795,39,0.0,0.1528290616436639,0.7647058823529411,0.9541512815069009,0.7647058823529411,0.8973176617607129
13510186.47,3663736.67,336,6.054768451540894,339.8359974893814,11,0.0037433056594819614,0.32802603157855603,0.21568627450980393,0.8989718765647957,0.21568627450980393,0.6939861959482981
13568485.38,3633685.275,337,86.55074895019315,230.80276539932856,0,0.0535092152525186,0.22278191766210362,0.0,0.8957089740246058,0.0,0.626996281817224
13539479.42,3656960.947,338,705.9160873247647,258.02257095904235,3,0.4364262161222148,0.24905578171434198,0.058823529411764705,0.619784914200147,0.058823529411764705,0.4514964987636323
13547530.82,3657384.117,339,432.16399493307534,174.2117506407402,27,0.26718146878855725,0.1681575514048378,0.5294117647058824,0.7625257064265586,0.5294117647058824,0.6925915239103557
13522192.95,3672995.758,340,9.154290851589113,263.7312761128733,15,0.005659557260951357,0.2545660981931656,0.29411764705882354,0.9196684804593843,0.29411764705882354,0.7320032304392161
13527109.15,3660322.896,341,136.29984640172816,158.02315959715241,18,0.08426614337205016,0.15253154557818258,0.35294117647058826,0.89525423596611,0.35294117647058826,0.7325603181174534
13526450.36,3651331.903,342,368.1107941384542,160.34604162266086,12,0.22758115856010916,0.1547737029078413,0.23529411764705882,0.7942610781355711,0.23529411764705882,0.6265709899890174
13528042.23,3666859.286,343,179.71955159329337,255.424280969996,27,0.11110998215423527,0.2465477873868023,0.5294117647058824,0.8482586762759946,0.5294117647058824,0.7526046028049609
13527561.89,3657224.32,344,382.8920628177417,232.1004074616843,18,0.23671954380875052,0.2240344641235398,0.35294117647058826,0.7670859800968127,0.35294117647058826,0.6428425390089453
13513265.79,3663301.174,345,31.52004879469817,180.4709527338887,21,0.019486984181915967,0.17419923397711398,0.4117647058823529,0.9340993408795246,0.4117647058823529,0.7773989503803731
13549383.85,3656311.646,346,0.0,191.4700441310431,1,0.0,0.184816085424969,0.0196078431372549,0.9445551743725092,0.0196078431372549,0.6670709750019329
13529373.5,3658839.559,347,85.14974999407943,25.024095208032165,14,0.05264306035934277,0.02415445893188887,0.27450980392156865,0.9559035200688933,0.27450980392156865,0.751485405224696
13551880.63,3641334.646,348,681.8444708293505,217.31106644668478,8,0.42154415762875885,0.2097590816488982,0.1568627450980392,0.6419913651651993,0.1568627450980392,0.4964527791450512
13531255.91,3663131.276,349,8.573755536871296,102.89291897930562,15,0.005300646569897712,0.09931718870179468,0.29411764705882354,0.966494390790533,0.29411764705882354,0.7647813676710201
13526716.3,3682220.11,350,0.0,1036.0031362571817,6,0.0,1.0,0.11764705882352941,0.7,0.11764705882352941,0.5252941176470588
13548908.96,3657396.87,351,68.09128358277728,241.92469192823458,20,0.04209681827418762,0.23351733548051556,0.39215686274509803,0.9004770265639139,0.39215686274509803,0.7479809774182692
13552641.17,3638017.882,352,111.63804649436914,120.81636106423143,10,0.06901920933896837,0.11661775610130921,0.19607843137254902,0.9167012266323293,0.19607843137254902,0.7005143880543953
13517516.53,3658801.947,353,120.94802189368288,70.93089879588337,33,0.07477501715900481,0.06846591126368481,0.6470588235294118,0.9271177146095911,0.6470588235294118,0.8431000472855372
13539725.43,3656299.285,354,0.0,167.67376635632456,6,0.0,0.1618467748679677,0.11764705882352941,0.9514459675396096,0.11764705882352941,0.7013062949247855
13538075.46,3667031.449,355,110.69308853311176,71.45948751462979,11,0.0684349976531446,0.06897613049010151,0.21568627450980393,0.9314026624957683,0.21568627450980393,0.716687746099979
13528331.77,3659803.571,356,103.05547244090587,232.71910795866486,18,0.0637131108011992,0.22463166356756445,0.35294117647058826,0.8880113233688912,0.35294117647058826,0.7274902792994002
13515885.14,3667000.064,357,296.224964829814,230.95415782341158,10,0.1831383968193021,0.22292804890320192,0.19607843137254902,0.8049247075555278,0.19607843137254902,0.6222708247006341
13513928.37,3658556.239,358,175.0000282883268,89.36968893308271,17,0.10819217969177407,0.0862639173622127,0.3333333333333333,0.8983862990070942,0.3333333333333333,0.7288704093049659
13521366.18,3661178.724,359,134.46325570997246,101.65544070575298,33,0.08313068784049281,0.09812271521977092,0.6470588235294118,0.9123717039457238,0.6470588235294118,0.8327778398208301
13522118.14,3663156.012,360,128.45218108210844,107.07738178078779,46,0.07941439549105946,0.10335623323268246,0.9019607843137255,0.9134030531864537,0.9019607843137255,0.9099703725246351
13528265.87,3666013.48,361,0.0,205.19223632668096,24,0.0,0.19806140458994054,0.47058823529411764,0.9405815786230178,0.47058823529411764,0.7995835756243477
13525519.62,3653199.249,362,0.0010000001639127731,365.9835610848763,21,6.182410282105716e-07,0.3532649161730173,0.4117647058823529,0.8940200923793751,0.4117647058823529,0.7493434764302684
13537512.18,3669140.061,363,125.24709384288177,75.52534865210305,11,0.07743287938557118,0.07290069499688688,0.21568627450980393,0.9239267759310341,0.21568627450980393,0.711454625504665
13527182.84,3669191.641,364,0.0,21.347861742749114,20,0.0,0.020605981773253658,0.39215686274509803,0.9938182054680238,0.39215686274509803,0.813319802651146
13521942.37,3669671.894,365,363.8533402349477,535.443386457202,15,0.2249490263126863,0.516835681011183,0.29411764705882354,0.6874849772777646,0.29411764705882354,0.5694747782120823
13514723.3,3659449.688,366,71.7285474899621,27.23786694988752,28,0.04434552368344722,0.026291297773760675,0.5490196078431373,0.9610707440894587,0.5490196078431373,0.8374554032155622
13516190.6,3660983.733,367,98.92936959760802,99.03635796963688,32,0.06116218515498546,0.09559465073380984,0.6274509803921569,0.9285080751713672,0.6274509803921569,0.8381909467376041
13518098.62,3665974.544,368,199.11506886494772,272.4875603127116,26,0.12310108472944388,0.26301808438258256,0.5098039215686274,0.8349238153746145,0.5098039215686274,0.7373878472328184
13544226.97,3668961.095,369,253.01044627506062,370.29555469809213,4,0.1564214128136415,0.35742705957037607,0.0784313725490196,0.7832768931593381,0.0784313725490196,0.5718232369762426
13541636.9,3663709.329,370,0.0,631.5544740561243,4,0.0,0.6096067202438898,0.0784313725490196,0.817117983926833,0.0784313725490196,0.595512000513489
13571158.16,3618960.048,371,846.5324301415161,73.49628889278688,5,0.5233609942387328,0.07094214903471283,0.09803921568627451,0.6123646593224732,0.09803921568627451,0.45806702623161355
13548045.12,3635863.665,372,0.0,115.06358953185256,5,0.0,0.11106490463682216,0.09803921568627451,0.9666805286089533,0.09803921568627451,0.7060881347321496
13520447.9,3665698.222,373,169.13489490939335,104.24677129337257,29,0.10456611419534856,0.10062399199870176,0.5686274509803921,0.8966165224636455,0.5686274509803921,0.7982198010186694
13521017.64,3647974.355,374,2.990200661659614,202.27617265749103,5,0.001848664428600658,0.1952466798394683,0.09803921568627451,0.940131930948139,0.09803921568627451,0.6875041163695796
13548644.57,3663280.473,375,73.27266765239983,72.78782560368619,6,0.04530016196387599,0.07025830623124392,0.11764705882352941,0.9472123947559136,0.11764705882352941,0.6983427939761983
13550306.02,3660740.585,376,11.925684718467616,210.24553722973948,8,0.007372946373940434,0.20293909339821464,0.1568627450980392,0.9339572095187773,0.1568627450980392,0.7008288701925558
13525447.04,3652511.254,377,121.41956129155076,703.0018695301311,21,0.07506654211339978,0.678571178915442,0.4117647058823529,0.7438820668459875,0.4117647058823529,0.6442468585568971
13530130.92,3659911.209,378,233.67563246779915,84.54110753919234,12,0.14446783960452356,0.08160313862042741,0.23529411764705882,0.8743915706907053,0.23529411764705882,0.6826623347776113
13559179.52,3619636.192,379,121.44333771805633,41.79850381203299,6,0.0750812416733603,0.04034592401239291,0.11764705882352941,0.9353393536249299,0.11764705882352941,0.6900316651845098
13549881.44,3641987.188,380,841.0575958101027,646.2630681829518,6,0.5199762275872039,0.6238041619427306,0.11764705882352941,0.4488753921061381,0.11764705882352941,0.34950689212135544
13549097.87,3664152.261,381,836.0915524247822,142.39287201293016,4,0.5169060163217718,0.13744444107318027,0.0784313725490196,0.5969324562528056,0.0784313725490196,0.4413821311416698
13509773.03,3667129.253,382,352.6447691372577,262.8802238661631,4,0.21801942892832865,0.25374462167738515,0.0784313725490196,0.7712630132469543,0.0784313725490196,0.5634135210375739
13520078.77,3655053.479,383,559.2772523611202,80.19370861093786,17,0.3457680868787163,0.0774068203120094,0.3333333333333333,0.7347402930912956,0.3333333333333333,0.6143182051639069
13548735.08,3659958.065,384,24.677323679480736,264.4862633023655,13,0.015256531464346875,0.25529484810044856,0.2549019607843137,0.9127319735448225,0.2549019607843137,0.7153829697166698
13532860.58,3662052.055,385,186.10521330931093,54.728150014935935,5,0.1150578595722433,0.052826239708747356,0.09803921568627451,0.9036116263868054,0.09803921568627451,0.6619399031766461
13543493.71,3671005.422,386,296.1161867581316,41.146876246586004,5,0.18307114576344174,0.039716941779963426,0.09803921568627451,0.8599351154316017,0.09803921568627451,0.6313663455080035
13553330.12,3627500.819,387,1109.3604837544883,979.40812066623,2,0.6858520537126399,0.9453717719471244,0.0392156862745098,0.23629203081701472,0.0392156862745098,0.17716912745426322
13560274.57,3627594.285,388,164.84321915166225,103.23307665655372,3,0.10191282459705056,0.09964552523413087,0.058823529411764705,0.8987673652118253,0.058823529411764705,0.6467842144718071
13533065.41,3656859.841,389,112.79429333505257,659.2416610771959,10,0.06973404845744646,0.6363317233371222,0.19607843137254902,0.7602866490786507,0.19607843137254902,0.5910241837668202
13526836.53,3667384.248,390,77.88070845214718,407.58885325823707,29,0.04814904137898033,0.3934243430292623,0.5686274509803921,0.8482683681259351,0.5686274509803921,0.7643760929822722
13544590.43,3670229.543,391,687.2944710678858,176.44804027230805,5,0.4249135708276889,0.1703161255956911,0.09803921568627451,0.6514656627419104,0.09803921568627451,0.4854377286252196
13553106.82,3655978.291,392,186.911880919397,131.15683939807968,5,0.11555657450318134,0.12659888257859556,0.09803921568627451,0.8811307330741943,0.09803921568627451,0.6462032778578184
13529253.72,3662801.381,393,138.98504128128744,101.99869226626257,27,0.08592624074322348,0.09845403811687109,0.5294117647058824,0.9103154200446821,0.5294117647058824,0.7960443234430421
13553010.19,3651505.15,394,304.99848648168796,119.22196915371804,10,0.1885625469772969,0.11507877242962504,0.19607843137254902,0.8334825853870047,0.19607843137254902,0.6422613391826679
13522475.48,3670702.933,395,238.04145022467716,318.7469530884821,14,0.14716696682109437,0.3076698727380638,0.27450980392156865,0.8046821614038147,0.27450980392156865,0.6456304541591409
13544914.15,3661109.865,396,14.345167304104493,52.71806568003565,1,0.008868769530237627,0.05088600973785923,0.0196078431372549,0.9785260584074759,0.0196078431372549,0.6908505938264096
13517110.99,3659314.072,397,50.80136596546655,182.22455722528932,31,0.031407483580903846,0.1758918972809491,0.6078431372549019,0.9252471923090825,0.6078431372549019,0.8300259757928283
13553067.63,3639563.429,398,181.37275192593657,44.75034602202564,10,0.11213205826019533,0.043195183929362765,0.19607843137254902,0.9085490040390545,0.19607843137254902,0.6948078322391028
13516653.47,3652952.742,399,231.02886489667046,570.3132330426823,17,0.1428314995681316,0.550493732193785,0.3333333333333333,0.7348698306441723,0.3333333333333333,0.6144088814509205
13527723.41,3668734.33,400,406.1804791823321,487.72043569668773,22,0.2511173959273989,0.47077119617484825,0.43137254901960786,0.6829864639983663,0.43137254901960786,0.6075022895047387
13531599.89,3658169.337,401,305.89380150000034,74.55982910457293,13,0.18911606736406164,0.07196872914298194,0.2549019607843137,0.8460281341022622,0.2549019607843137,0.6686902821068775
13517983.85,3668420.565,402,353.0376476652218,99.01150228076807,19,0.21826232251360567,0.09557065882876734,0.37254901960784315,0.8185451765918458,0.37254901960784315,0.684746329496645
13562143.62,3621947.449,403,0.0,398.1654229349074,2,0.0,0.38432839534963065,0.0392156862745098,0.8847014813951107,0.0392156862745098,0.6310557428589304
13533853.78,3663301.174,404,241.41960446666818,46.682882570705,10,0.1492554800307828,0.04506056105134825,0.19607843137254902,0.8820029956630475,0.19607843137254902,0.6762256263758979
13514153.57,3668660.089,405,10.43458748592729,190.80835555314394,12,0.006451089038836957,0.18417739181995765,0.23529411764705882,0.9402310201268268,0.23529411764705882,0.7287499493828964
13529853.29,3667156.992,406,142.89228886146014,335.79441929399815,18,0.08834186110871169,0.3241249061341057,0.35294117647058826,0.84092322538367,0.35294117647058826,0.6945286107097454
13516824.12,3663486.437,407,183.8764965098946,107.70395478340586,25,0.11367997563243476,0.10396103159736862,0.49019607843137253,0.889235707578085,0.49019607843137253,0.7695238188340712
13520011.42,3656345.346,408,15.759611320910981,155.5863056316739,21,0.00974323671019802,0.1501793770564904,0.4117647058823529,0.9481259211859141,0.4117647058823529,0.7872175565948457
13522998.23,3663648.788,409,214.72486307168063,123.9700125400011,44,0.13275169836811102,0.1196618120171658,0.8627450980392157,0.8711752675371726,0.8627450980392157,0.8686462166877855
13533919.01,3664718.644,410,0.0,222.36108156777124,10,0.0,0.21463359886255345,0.19607843137254902,0.9356099203412339,0.19607843137254902,0.7137504736506284
13520742.9,3673332.441,411,178.17812558224443,129.09826590955345,12,0.11015700950845823,0.12461184854705455,0.23529411764705882,0.8855065387799628,0.23529411764705882,0.6904428124400915
13519166.17,3672179.234,412,27.917405413782244,307.8306193752165,10,0.017259682598905673,0.2971329029826405,0.19607843137254902,0.8987783512859739,0.19607843137254902,0.6879683753119464
13522083.41,3670929.083,413,0.0,253.12780810514636,12,0.0,0.2443311214477915,0.23529411764705882,0.9267006635656625,0.23529411764705882,0.7192786997900813
13511570.17,3663472.246,414,10.069483601766457,150.8837188859681,13,0.006225366875088436,0.14564021440231636,0.2549019607843137,0.9519501788667432,0.2549019607843137,0.7428357134420143
13536945.67,3643582.104,415,937.4664625999891,352.5990370995531,3,0.5795801347501575,0.34034553058729583,0.058823529411764705,0.492190246498701,0.058823529411764705,0.3621802313726201
13517577.2,3656277.946,416,42.39907334980373,255.12946848315133,21,0.02621284240633841,0.2462632202107706,0.4117647058823529,0.9077720442523318,0.4117647058823529,0.7589698427413382
13535186.49,3675362.64,417,370.9312193782138,74.95723608105537,11,0.22932486087451412,0.07235232544937747,0.21568627450980393,0.817766899753027,0.21568627450980393,0.63714271218006
13536766.23,3667134.201,418,0.0,146.5922609452959,16,0.0,0.14149789302269566,0.3137254901960784,0.9575506320931912,0.3137254901960784,0.7644030895240573
13517358.34,3667297.122,419,10.585031884997681,235.93191756277716,19,0.0065440999235610855,0.22773282175104193,0.37254901960784315,0.9270992835281946,0.37254901960784315,0.7607342043520892
13515361.16,3659448.386,420,0.0,238.94003269610548,27,0.0,0.23063639899714553,0.5294117647058824,0.9308090803008563,0.5294117647058824,0.810389885622364
13531686.27,3657725.448,421,260.47816323987195,194.28706056807368,13,0.16103826107159158,0.18753520502841708,0.2549019607843137,0.8310126557413607,0.2549019607843137,0.6581794472542466
13514771.83,3666566.665,422,0.0010000001639127731,136.88587757999895,10,6.182410282105716e-07,0.13212882547299337,0.19607843137254902,0.9603609195893822,0.19607843137254902,0.7310761731243323
13513199.56,3665225.546,423,170.84236263004274,468.6299967150113,21,0.10562174062156855,0.4523441873043487,0.4117647058823529,0.7903615253735974,0.4117647058823529,0.6767824795262241
13521247.18,3672322.939,424,338.8276589963972,345.43053748687333,13,0.20947712594813692,0.3334261503636242,0.2549019607843137,0.7533381667272168,0.2549019607843137,0.6038073049443458
13525033.49,3668230.279,425,38.214843988105926,191.99263274664554,25,0.023625980567513194,0.18532051306356712,0.49019607843137253,0.9278656596836705,0.49019607843137253,0.7965647853079811
13525872.95,3667645.24,426,210.92661786740965,80.18490095504916,27,0.13040346773253164,0.07739831873939784,0.5294117647058824,0.8854980769654084,0.5294117647058824,0.7786721832875505
13516764.01,3654786.899,427,0.0,240.2737421272177,16,0.0,0.23192375941569654,0.3137254901960784,0.930422872175291,0.3137254901960784,0.7454136575815271
13514103.92,3660131.303,428,137.55556771290847,145.49856076232274,25,0.08504248167936843,0.14044220106125582,0.49019607843137253,0.8983376025060653,0.49019607843137253,0.7758951452836573
13518536.99,3651276.365,429,398.3232322071792,75.09488358670714,22,0.24625972427481044,0.07248518943485638,0.43137254901960786,0.8058726361771757,0.43137254901960786,0.6935226100299053
13527177.5,3663550.101,430,2.2384583982565975,142.28353699527642,23,0.0013839065949047802,0.137338905661339,0.45098039215686275,0.9578295936851648,0.45098039215686275,0.8057748332266741
13530343.65,3664178.692,431,60.80987620448527,194.19156166276406,15,0.03759515422769256,0.18744302489694117,0.29411764705882354,0.9174504845715329,0.29411764705882354,0.7304506333177201
13520509.13,3661367.079,432,58.77376809304743,286.2608923505337,34,0.03633634886166362,0.27631276618015094,0.6666666666666666,0.8916707259427902,0.6666666666666666,0.824169508159953
13523098.09,3661834.009,433,85.89152461080081,67.20406681098939,50,0.053101655785915455,0.06486859398300737,0.9803921568627451,0.9433682627549569,0.9803921568627451,0.9544754309872933
13524217.4,3670573.446,434,529.1222447874026,87.65499371981865,18,0.32712502704647917,0.08460881116296043,0.35294117647058826,0.7456298377185764,0.35294117647058826,0.6278232393441798
13515210.1,3658390.831,435,275.6504051668773,37.913289542759316,20,0.17041836198328458,0.03659572854164368,0.39215686274509803,0.8697284280492077,0.39215686274509803,0.7264569584579748
13536165.21,3666316.114,436,591.4070533892519,56.185292773180414,13,0.3656320448465931,0.05423274390477593,0.2549019607843137,0.727787745435952,0.2549019607843137,0.5859220100404605
13531499.03,3669574.722,437,619.1696359842495,184.21968230742704,12,0.3827960096425122,0.17781768786238072,0.23529411764705882,0.6786974868915272,0.23529411764705882,0.5456764761181867
13520689.69,3659266.568,438,162.61802645826796,225.94645565933595,28,0.10053711940381548,0.21809437418850253,0.5490196078431373,0.8641957041607784,0.5490196078431373,0.769642875265486
13520581.93,3666966.334,439,19.796222493105237,179.46995275164082,17,0.01223883494272125,0.17323302070302657,0.3333333333333333,0.9394629093291871,0.3333333333333333,0.7576240365304309
13522921.53,3659364.179,440,73.86846975506883,90.18273779443122,24,0.045668511208062944,0.08704871118463861,0.47058823529411764,0.9419174287989643,0.47058823529411764,0.8005186707475103
